model,fold,tn,fp,fn,tp,accuracy,precision,recall,f1_score,brier_score,roc_auc,pr_auc,log_loss
HistGradientBoostingClassifier,1,719,25,54,185,0.9196337741607324,0.8809523809523809,0.7740585774058577,0.8240534521158129,0.0642656821965902,0.953994578665587,0.9075596834242183,0.22255003130178888
HistGradientBoostingClassifier,2,730,15,59,179,0.9247202441505595,0.9226804123711341,0.7521008403361344,0.8287037037037037,0.059747949563914826,0.9405335288477807,0.9042005396382635,0.22285305540571754
HistGradientBoostingClassifier,3,725,19,59,180,0.9206510681586979,0.9045226130653267,0.7531380753138075,0.821917808219178,0.06139628906566678,0.9607937418455033,0.9111089259938545,0.21724595077609685
HistGradientBoostingClassifier,4,725,20,56,181,0.9226069246435845,0.900497512437811,0.7637130801687764,0.8264840182648402,0.06180061685744188,0.9567014980318862,0.9108023106651533,0.2135911830528616
HistGradientBoostingClassifier,5,725,19,57,181,0.9226069246435845,0.905,0.7605042016806722,0.8264840182648402,0.059666165235835095,0.9542333062257161,0.9114113238120113,0.21501710559256784
