metric,mean,std
accuracy,0.8923253351786895,0.005664257609139015
precision,0.9023786572072842,0.02851994124316496
recall,0.6238608551836603,0.009273658236149087
f1_score,0.7375391323798233,0.011661829552279058
brier_score,0.08717009783983372,0.003923910452620129
roc_auc,0.8986738263147623,0.008087739956212028
pr_auc,0.8293882720486879,0.010614885509202147
log_loss,0.2953822388351054,0.011638347748148495
