metric,mean,std
accuracy,0.8746184111566695,0.003476805883635035
precision,0.8301685321407088,0.021989519182089152
recall,0.6078801373841205,0.016442123526991696
f1_score,0.701505132655649,0.007569766590250804
brier_score,0.09679085395035245,0.0032502025802733175
roc_auc,0.8768700264128494,0.011131351779660844
pr_auc,0.7942960595302055,0.019989011510339667
log_loss,0.33096366909024055,0.0155142520907813
