metric,mean,std
accuracy,0.9220437871514318,0.0019713890119898527
precision,0.9027305837653306,0.014879801794504181
recall,0.7607029549810497,0.008926040382195678
f1_score,0.8255286001136749,0.002603882208142609
brier_score,0.061375340583889756,0.0018778348761363257
roc_auc,0.9532513307232946,0.007616606822095925
pr_auc,0.9090165567067002,0.003107182650220308
log_loss,0.21825146522580657,0.004267395984983318
