model,fold,tn,fp,fn,tp,accuracy,precision,recall,f1_score,brier_score,roc_auc,pr_auc,log_loss
LogisticRegression,1,706,38,89,150,0.8708036622583927,0.7978723404255319,0.6276150627615062,0.702576112412178,0.10207433058647199,0.8656195168038872,0.761912561235249,0.3558081997559344
LogisticRegression,2,721,24,94,144,0.8799593082400814,0.8571428571428571,0.6050420168067226,0.7093596059113301,0.09417327779721466,0.8789887767187412,0.810433254000736,0.3201338036524469
LogisticRegression,3,717,27,98,141,0.8728382502543235,0.8392857142857143,0.5899581589958159,0.6928746928746928,0.09420867795212053,0.8916351734377108,0.80853704133428,0.3204784020578774
LogisticRegression,4,717,28,96,141,0.8737270875763747,0.834319526627219,0.5949367088607594,0.6945812807881774,0.09738824877240713,0.8821368900971314,0.8017920284992018,0.32171357648930066
LogisticRegression,5,712,32,90,148,0.8757637474541752,0.8222222222222222,0.6218487394957983,0.7081339712918661,0.09610973464354794,0.865969775006777,0.7888054125815609,0.33668436349564307
