model,fold,tn,fp,fn,tp,accuracy,precision,recall,f1_score,brier_score,roc_auc,pr_auc,log_loss
SimpleNeuralNetwork_MLPClassifier,1,726,18,89,150,0.8911495422177009,0.8928571428571429,0.6276150627615062,0.7371007371007371,0.09128261666348145,0.894326157376164,0.8188645896551222,0.3073941412197213
SimpleNeuralNetwork_MLPClassifier,2,737,8,88,150,0.9023397761953205,0.9493670886075949,0.6302521008403361,0.7575757575757576,0.08080468830278398,0.8989256105126614,0.8440663197682922,0.2782243478798339
SimpleNeuralNetwork_MLPClassifier,3,728,16,93,146,0.8891149542217701,0.9012345679012346,0.6108786610878661,0.7281795511221946,0.08678085118691584,0.9105817249291401,0.8369000566069207,0.2909547612837067
SimpleNeuralNetwork_MLPClassifier,4,723,22,87,150,0.8890020366598778,0.872093023255814,0.6329113924050633,0.7334963325183375,0.08798367986137301,0.9006994591227027,0.8234252592294551,0.29582746593427967
SimpleNeuralNetwork_MLPClassifier,5,727,17,91,147,0.890020366598778,0.8963414634146342,0.6176470588235294,0.7313432835820896,0.0889986531846143,0.8888361796331435,0.8236851349836495,0.3045104778579852
