metric,mean,std
accuracy,0.9198049116031601,0.0014879529819604698
precision,0.9034645215797139,0.016294259471709333
recall,0.749750160113831,0.01613226527554179
f1_score,0.8192154546956107,0.0045261176828316025
brier_score,0.06298253783386729,0.0018570289602213106
roc_auc,0.954107234684329,0.00639942270097913
pr_auc,0.9064058287555717,0.00599893259171485
log_loss,0.21769398974816062,0.008006403029581083
