anomaly_direction,total_records,anomaly_rate,actual_win_rate,avg_gmr,avg_anomaly_score,avg_estimated_profit,actual_win_rate_pct,avg_gmr_pct
Conversion risk review,53,1.0,0.24528301886792453,0.3959075471698113,77.95,1135178.4723433962,24.53,39.59
High conversion risk review,68,1.0,0.04411764705882353,0.6288220588235295,74.11,1653769.5761367646,4.41,62.88
Opportunity review,7,1.0,0.8571428571428571,0.5441571428571429,69.07,972321.4167857143,85.71,54.42
Unusual pricing pattern review,90,1.0,0.7666666666666667,0.2580522222222222,64.14,444251.6625981333,76.67,25.81
Information gap review,19,1.0,0.42105263157894735,0.39953684210526313,61.79,1817427.720194737,42.11,39.95
Profitability risk review,9,1.0,0.8888888888888888,-0.2094888888888889,60.52,-112821.27272222223,88.89,-20.95
Normal pricing pattern,4667,0.0,0.23226912363402613,0.3747707520891365,15.4,162316.95527195395,23.23,37.48
