conversion_risk_level,profitability_risk_level,total_records,actual_win_rate,avg_gmr,avg_estimated_profit,actual_win_rate_pct,avg_gmr_pct
High,High,1,0.0,-1.3226,-211616.0,0.0,-132.26
High,Low,1009,0.044598612487611496,0.5614177403369673,379839.9043632309,4.46,56.14
Low,High,27,1.0,-0.08318888888888888,-36742.30308703702,100.0,-8.32
Low,Low,1531,0.45003265839320705,0.35134265186152835,204320.27867522926,45.0,35.13
Low,Medium,162,1.0,0.07933086419753085,40414.1955174074,100.0,7.93
Medium,High,30,0.5,-0.0332233333333333,-16127.691667599995,50.0,-3.32
Medium,Low,2153,0.11751045053413842,0.3403973060845332,143765.087947758,11.75,34.04
