quote_review_flag,total_quote_product_records,actual_win_rate,avg_conversion_risk_score,avg_profitability_risk_score,avg_gmr,avg_estimated_profit,actual_win_rate_pct,avg_gmr_pct
Review required: high conversion risk,1009,0.044598612487611496,78.02590683845392,0.14414271555996036,0.5614177403369673,379839.9043632309,4.46,56.14
Review required: high conversion and profitability risk,1,0.0,63.64,90.91,-1.3226,-211616.0,0.0,-132.26
Monitor: medium pricing risk,2315,0.17926565874730022,34.89294168466523,6.9225356371490285,0.3221282937365011,136532.7576783339,17.93,32.21
Review required: high profitability risk,57,0.7368421052631579,29.982280701754387,91.38842105263157,-0.056891228070175416,-25892.507603122798,73.68,-5.69
No major pricing risk,1531,0.45003265839320705,12.224356629653823,8.07472240365774,0.35134265186152835,204320.27867522926,45.0,35.13
